Stage, Period, Infrastructure_Cost, Traveler_Cost, non-EVMT, EVMT, gasoline (mmBTU), electricity (mmBTU)
0, 2020-2024, 8.293489533869058E7, 1.0489480770160407E7, 1.182389757862308E9, 9.061046762062557E9, 6017519.3034063885, 9893619.231585324
1, 2025-2029, 1.7113775827829558E8, 1.9926559733899876E7, 5.296594581981833E9, 4.896707864797092E10, 2.695588314044326E7, 5.3466408876123995E7
2, 2030-2034, 3.056133096042882E8, 1.2235062931833161E7, 1.2727345255940926E10, 1.2591865332952554E11, 6.4773096391842216E7, 1.3748866360697833E8
3, 2035-2039, 4.8511574616780496E8, 5220506.89975001, 2.413598303021004E10, 2.3814818668638388E11, 1.228349136358904E8, 2.6003038519042492E8
4, 2040-2044, 6.554348338054274E8, 1347936.8937660672, 3.3704122028499477E10, 3.305484642940589E11, 1.7152990675218487E8, 3.609208438260256E8
