Stage, Period, Infrastructure_Cost, Traveler_Cost, non-EVMT, EVMT, gasoline (mmBTU), electricity (mmBTU)
0, 2020-2024, 1.3476030633145422E8, 901962.2394428765, 9.047560004313159E8, 9.338680519493563E9, 4604561.787909376, 1.0196763311291123E7
1, 2025-2029, 2.4346552966380036E8, 0.0, 4.813588074131726E9, 4.945008515582105E10, 2.449772502013468E7, 5.3993796340346634E7
2, 2030-2034, 3.9872819638797766E8, 0.0, 1.250984798213942E10, 1.2613615060332686E11, 6.366619062338813E7, 1.3772614557428342E8
3, 2035-2039, 6.057094909778903E8, 0.0, 2.397944449793005E10, 2.3830472521866388E11, 1.220382443198226E8, 2.6020130723443574E8
4, 2040-2044, 7.764557111236879E8, 0.0, 3.3644341101324764E10, 3.3060824522123346E11, 1.7122566453352782E8, 3.6098611771173745E8
